id,email,role,first_name,last_name,avatar,password,country,bib,gender,date_of_birth,coach,sport_type,affiliation,phone_number,disability_class,equipment,medicine,remark
1,ANSYARI.A@sample.com,athlete,ANSYARI,ANSYARI,NULL,password,INA,101,M,2004-01-01,John Smith,"Shot put, Javelin",Adaptive Athletics Association,081-2345678,F41,Adaptive Wheelchair,Paracetamol,NULL
2,ELVIN EL HUDIA.S@sample.com,athlete,ELVIN EL HUDIA,SESA,NULL,password,INA,102,F,1996-01-01,Emily Johnson,"400 m, 800 m",ParaSports Foundation,081-2345679,T20,Handcycle,Ibuprofen,NULL
3,NI MADE ARIANTI.P@sample.com,athlete,NI MADE ARIANTI,PUTRI,NULL,password,INA,103,F,1996-01-01,Michael Davis,"100 m, 200 m",Inclusive Sports Network,081-2345680,T12,Racing Wheelchair,Aspirin,NULL
4,ALFIN.N@sample.com,athlete,ALFIN,NOMLENI,NULL,password,INA,104,M,2002-01-01,Sarah Taylor,"400 m, 800 m",Ability Athletics Alliance,081-2345681,T20,Racing Handcycle,Amoxicillin,NULL
5,RIZAL BAGUS.S@sample.com,athlete,RIZAL BAGUS,SAKTYONO,NULL,password,INA,105,M,1995-01-01,Christopher Brown,"100 m, Long jump",DiverseAbility Sports Club,081-2345682,T21,Basketball Wheelchair,Ciprofloxacin,NULL
6,MUHAMMAD DIMAS.U@sample.com,athlete,MUHAMMAD DIMAS,UBAIDILLAH,NULL,password,INA,106,M,2003-01-01,Jessica Miller,"100 m, 200 m",Unified Sports Federation,081-2345683,T22,Tennis Wheelchair,Loratadine,NULL
7,FAMINI.F@sample.com,athlete,FAMINI,FAMINI,NULL,password,INA,107,F,1980-01-01,Matthew Wilson,"Shot put, Discus Throw",Enable Sports Guild,081-2345684,T23,Racing Prosthetic Blade,Diphenhydramine,NULL
8,ANSYARI.A@sample.com,athlete,ANSYARI,ANSYARI,NULL,password,INA,108,M,2004-01-01,Ashley Jones,"Shot put, Javelin",ParaExcellence Association,081-2345685,T24,Archery Stand,Omeprazole,NULL
9,RIADI.S@sample.com,athlete,RIADI,SAPUTRA,NULL,password,INA,109,M,1981-01-01,Daniel Martinez,"Shot put, Discus Throw",Beyond Limits Sports,081-2345686,T25,Sledge Hockey Sled,Ranitidine,NULL
10,MARCELINO.M@sample.com,athlete,MARCELINO,MICHAEL,NULL,password,INA,110,M,2000-01-01,Olivia Garcia,"Shot put, Discus Throw, Club Throw",AllAbility Athletics Union,081-2345687,T26,Sledge Hockey Stick,Amlodipine,NULL
11,RYAN ARDA.D@sample.com,athlete,RYAN ARDA,DIARTA,NULL,password,INA,111,M,2002-01-01,Brian Anderson,"100 m, Long jump",Empower Sports Coalition,081-2345688,T27,Mono-ski,Losartan,NULL
12,DAPIEL.B@sample.com,athlete,DAPIEL,BAYAGE,NULL,password,INA,112,M,1991-01-01,Lauren Davis,"100 m, Javelin, High Jump",Accessible Athletics Network,081-2345689,T28,Sit-ski,Metformin,NULL
13,WARMIA MARTO.S@sample.com,athlete,WARMIA MARTO,SAMIDI,NULL,password,INA,113,F,1978-01-01,Christopher Williams,"Discus Throw, Javelin",Unlimited Ability Sports,081-2345690,T29,Para-cycling Tandem,Atorvastatin,NULL
14,TIWA.T@sample.com,athlete,TIWA,TIWA,NULL,password,INA,114,F,1997-01-01,Amanda Rodriguez,"400 m, 800 m",Inclusive Victory Foundation,081-2345691,T30,Para-cycling Tricycle,Levothyroxine,NULL
15,INSAN.N@sample.com,athlete,INSAN,NURHAIDA,NULL,password,INA,115,F,1987-01-01,Jason Taylor,"100 m, 200 m",ParaProwess League,081-2345692,T31,Goalball,Albuterol,NULL
16,MARIA.W@sample.com,athlete,MARIA,WILIL,NULL,password,INA,116,F,2003-01-01,Brittany Hernandez,"Shot put, Javelin",AdaptAbility Sports Club,081-2345693,T32,Boccia Ball,Fluticasone,NULL
17,MIKIO.I@sample.com,athlete,MIKIO,IKEDA,NULL,password,JPN,201,M,1996-01-01,James Moore,"100 m, 200 m",Equality Athletics Alliance,081-2345694,T64,Goalball Eyeshades,Insulin,NULL
18,KEN.T@sample.com,athlete,KEN,THEPTHIDA,NULL,password,LAO,301,M,1999-01-01,Samantha Lee,"100 m, Long jump",Capable Champions Society,081-2345695,T13,Para-rowing Seat,Warfarin,NULL
19,BOUNPHET.T@sample.com,athlete,BOUNPHET,THEPTHIDA,NULL,password,LAO,302,M,1995-01-01,David White,"100 m, 400 m",EnableAll Sports Union,081-2345696,T13,Para-canoe Paddle,Clopidogrel,NULL
20,SANGBU.B@sample.com,athlete,SANGBU,BHOTE,NULL,password,NEP,401,M,1994-01-01,Kayla Anderson,"100 m, 200 m",Paralympic Ambition Society,081-2345697,T46,Para-archery Bow,Prednisone,NULL
21,SITI NURHAYATI.B@sample.com,athlete,SITI NURHAYATI,BINTI ALI AKSAR,NULL,password,SGP,501,F,2002-01-01,Ryan Davis,400m,Access Athletics Guild,081-2345698,T20,Table Tennis Racket Holder,Lisinopril,NULL
22,MUHAMMAD NUR ARI.B@sample.com,athlete,MUHAMMAD NUR ARI,BIN YAAKUB,NULL,password,SGP,502,M,2003-01-01,Kimberly Taylor,400m,Adaptive Achievers Association,081-2345699,T20,Boccia Ramp,Simvastatin,NULL
23,ANGKARN.C@sample.com,athlete,ANGKARN,CHANABOON,NULL,password,THA,601,M,1983-01-01,Andrew Martinez,"High Jump, Javelin Throw",ParaUnity Sports Network,081-2345700,F47,Sitting Volleyball,Hydrochlorothiazide,NULL
24,PHALATHIP.K@sample.com,athlete,PHALATHIP,KHAMTA,NULL,password,THA,602,M,2008-01-01,Jessica Martinez,"100 m, Long Jump, High Jump",AllAble Athletics Foundation,081-2345701,T63,Wheelchair Rugby Chair,Furosemide,NULL
25,KANNIKON.Y@sample.com,athlete,KANNIKON,YAEMMALI,NULL,password,THA,603,F,1997-01-01,Brandon Johnson,"Shot put, Discus Throw, Javelin Throw",Inclusivity Sports Club,081-2345702,F40,Wheelchair Rugby Ball,Diclofenac,NULL
26,PAGJIRAPORN.G@sample.com,athlete,PAGJIRAPORN,GAGUN,NULL,password,THA,604,F,1991-01-01,Megan Robinson,"400 m,800 m,1500 m",ParaPro Champions League,081-2345703,T46,Wheelchair Tennis Racket,Tramadol,NULL
27,PATCHAREE.W@sample.com,athlete,PATCHAREE,WISETSEE,NULL,password,THA,605,F,1984-01-01,Nicholas Davis,"Shot put, Discus Throw, Javelin Throw",Ability Beyond Limits,081-2345704,F46,Wheelchair Tennis Ball,Gabapentin,NULL
28,PUANGPET.C@sample.com,athlete,PUANGPET,CHAITHONGRAT,NULL,password,THA,606,F,1980-01-01,Alyssa Thompson,"Shot put, Discus Throw, Javelin Throw",AllAccess Sports Alliance,081-2345705,F56,Para-badminton Racket,Sertraline,NULL
29,SASIRAWAN.I@sample.com,athlete,SASIRAWAN,INTHACHOT,NULL,password,THA,607,F,2003-01-01,Kevin Harris,"100 m,200 m,400 m",ParaAthlete Progress Society,081-2345706,T47,Para-badminton Shuttlecock,Citalopram,NULL
30,ANAN.P@sample.com,athlete,ANAN,PHANBANG,NULL,password,THA,608,M,1997-01-01,Rachel Garcia,"Discus Throw, Club Throw",Adaptive Advantage Guild,081-2345707,F51,Adaptive Climbing Harness,Fluoxetine,NULL
31,CHAIWAT.S@sample.com,athlete,CHAIWAT,SIRIMONGKHOL,NULL,password,THA,609,M,1993-01-01,Justin Brown,"100 m,400 m, Long Jump,",AllInclusive Athletics Union,081-2345708,T47,Adaptive Golf Cart,Escitalopram,NULL
32,DENPOOM.K@sample.com,athlete,DENPOOM,KOTCHARANG,NULL,password,THA,610,M,2000-01-01,Ashley Wilson,"100 m,200 m,Long Jump",EmpowerAbility Sports Club,081-2345709,T64,Para-equestrian Saddle,Venlafaxine,NULL
33,JAFA.S@sample.com,athlete,JAFA,SEAPLA,NULL,password,THA,611,M,1984-01-01,Matthew Smith,"100 m,200 m,400 m",Unlimited Victory Association,081-2345710,T62,Adaptive Surfboard,Duloxetine,NULL
34,JAKKRIT.P@sample.com,athlete,JAKKRIT,PHIMJUN,NULL,password,THA,612,M,1994-01-01,Emily Moore,"100 m,200 m,400 m",ParaPotential Foundation,081-2345711,T47,Power Soccer Chair,Bupropion,NULL
35,KANTINAN.K@sample.com,athlete,KANTINAN,KHUMPHONG,NULL,password,THA,613,M,2000-01-01,Christopher Taylor,"100 m, Long Jump,High Jump",Inclusive Athletics Network,081-2345712,T63,Para-powerlifting Belt,Trazodone,NULL
36,SAKCHAI.Y@sample.com,athlete,SAKCHAI,YIMBANCHANG,NULL,password,THA,614,M,1988-01-01,Hannah Miller,"Shot put, Javelin Throw",ParaPower League,081-2345713,F57,Para-athletics Prosthetic Leg,Alprazolam,NULL
37,WITAYA.C@sample.com,athlete,WITAYA,CHAROENYING,NULL,password,THA,615,M,1994-01-01,Daniel Robinson,"Shot put, Discus Throw, Javelin Throw",Enable Champions Society,081-2345714,F57,Para-athletics Prosthetic Arm,Clonazepam,NULL
38,PORAMIN  .P@sample.com,athlete,PORAMIN  ,PHONGAMTHIPPAYAKU,NULL,password,THA,616,M,1980-01-01,Elizabeth Harris,"Shot put,Discus Throw, Javelin Throw",DiverseAbility Sports Union,081-2345715,F64                     ,Para-athletics Throwing Frame,Diazepam,NULL
39,SIRIPONG.P@sample.com,athlete,SIRIPONG,PHOMMES,NULL,password,THA,617,M,1992-01-01,Joshua Davis,"Shot put, Discus Throw, Javelin Throw",ParaPinnacle Sports Club,081-2345716,F63,Para-athletics Racing Frame,Zolpidem,NULL
40,SUPAKON.N@sample.com,athlete,SUPAKON,NGAMNOI,NULL,password,THA,618,M,2005-01-01,Amanda Brown,"100 m,200 m,400 m",Beyond Limits Athletics Guild,081-2345717,T47,Blind Soccer Ball with Bells,Melatonin,NULL
41,TITINAN.A@sample.com,athlete,TITINAN,ANONGCHAI,NULL,password,THA,619,F,2004-01-01,Ryan Hernandez,"Shot put, Discus Throw, Javelin Throw",Accessible Advantage Network,081-2345718,F57,Judo Mat for Visually Impaired,Vitamin C,NULL
42,THATSANI.Y@sample.com,athlete,THATSANI,YANGYUEN,NULL,password,THA,620,F,2003-01-01,Victoria Wilson,"Shot put, Discus Throw, Javelin Throw",Adaptive Excellence Society,081-2345719,F57,Wheelchair Curling Stone,Vitamin D,NULL
43,KITTIPHONG.N@sample.com,athlete,KITTIPHONG,NOIRUEANG,NULL,password,THA,621,M,2005-01-01,Benjamin Taylor,"Shot put, Discus Throw, Javelin Throw",ParaUnity Athletics Alliance,081-2345720,F57,Ice Sledge Hockey Stick,Calcium,NULL
44,SAMROENG.V@sample.com,athlete,SAMROENG,VILUNPAN,NULL,password,THA,622,M,1984-01-01,Jasmine Garcia,"Shot put, Discus Throw, Javelin Throw",AllAbility Achievers Foundation,081-2345721,F46,Ice Sledge Hockey Puck,Iron,NULL
45,SAWAI.K@sample.com,athlete,SAWAI,KLANGAM,NULL,password,THA,623,M,1978-01-01,Timothy Robinson,"Shot put, Discus Throw",Inclusivity Impact Sports,081-2345722,F63,Para-bobsleigh Sled,Magnesium,NULL
46,TAWATCHAI.M@sample.com,athlete,TAWATCHAI,MORAPAT,NULL,password,THA,624,M,1989-01-01,Natalie Martinez,"Long Jump,Javelin Throw",ParaPro Sports Union,081-2345723,T/F63,Para-skeleton Sled,Omega-3,NULL
47,CHALERMDET.N@sample.com,athlete,CHALERMDET,NUAMOON,NULL,password,THA,625,M,2002-01-01,Robert Harris,"100 m, Long Jump, Javelin Throw",Capable Champions Foundation,081-2345724,T/F63,Para-triathlon Racing Chair,Probiotic,NULL
48,NOPPHAKAO.N@sample.com,athlete,NOPPHAKAO,NOKAEWW,NULL,password,THA,626,M,2005-01-01,Madison Smith,"800 m,1500 m",EnableAll Progress Society,081-2345725,T45,Para-triathlon Tandem Bike,Coenzyme Q10,NULL
49,SUTHIS.U@sample.com,athlete,SUTHIS,UAMSAMUT,NULL,password,THA,627,M,1998-01-01,Zachary Lee,"100 m,Long Jump ,shot put, Discus Throw",Paralympic Excellence Guild,081-2345726,T/F64,Para-triathlon Running Blade,Glucosamine,NULL
50,TEPPITAK.M@sample.com,athlete,TEPPITAK,MUEANGPRATHUM,NULL,password,THA,628,M,1999-01-01,Chloe Thompson,"800 m,1500 m",Access Athletics Ambition,081-2345727,T45,Para-cycling Handbike,Chondroitin,NULL
51,ADISON.S@sample.com,athlete,ADISON,SOIJIT,NULL,password,THA,629,M,2001-01-01,Jonathan Hernandez,"800 m,1500 m",Adaptive Achievers Network,081-2345728,T46,Goalball Goalpost,Multivitamin,NULL
52,SOMMAY.P@sample.com,athlete,SOMMAY,PHANPINIT,NULL,password,THA,630,M,1975-01-01,Grace Davis,"Shot put, Discus Throw, Javelin Throw",Equality Athletics Club,081-2345729,F56,Para-boccia Ball Ramp,Acetaminophen,NULL
53,WANNA.L@sample.com,athlete,WANNA,LADEE,NULL,password,THA,631,F,1983-01-01,Jordan Brown,"Shot put, Discus Throw, Javelin Throw",ParaChampion Society,081-2345730,F64,Powerlifting Bench for Wheelchair,Naproxen,NULL
54,MASABEREE.A@sample.com,athlete,MASABEREE,ARSAE,NULL,password,THA,632,M,1998-01-01,Morgan Anderson,"100 m,400 m,800 m",Adaptive Advantage Union,081-2345731,T53,Adaptive Waterski,Dextromethorphan,NULL
55,PHIPHATPHONG.S@sample.com,athlete,PHIPHATPHONG,SIANGLAM,NULL,password,THA,633,M,1993-01-01,Samuel Taylor,"100 m,400 m,800 m,1500 m,5000 m",ParaPotential Progress,081-2345732,T54,Adaptive Wakeboard,Pseudoephedrine,NULL
56,PICHAYA.K@sample.com,athlete,PICHAYA,KURATTANASIRI,NULL,password,THA,634,M,1988-01-01,Sophia Smith,"100m, 200m, 400m, 800, 1500m",EmpowerAbility Athletics Guild,081-2345733,T52,Adaptive Sailing Dinghy,Diphenoxylate,NULL
57,PONGSAKORN.P@sample.com,athlete,PONGSAKORN,PAEYO,NULL,password,THA,635,M,1996-01-01,Joseph Robinson,"100 m,400 m,800 m",Unlimited Victory Network,081-2345734,T53,Para-canoe Kayak,Loperamide,NULL
58,PRAWAT.W@sample.com,athlete,PRAWAT,WAHORAM,NULL,password,THA,636,M,1981-01-01,Lily Martinez,"800 m,1500 m,5000 m",Inclusive Progress Foundation,081-2345735,T54,Para-canoe Paddle Float,Fexofenadine,NULL
59,SAICHON.K@sample.com,athlete,SAICHON,KONJEN,NULL,password,THA,637,M,1983-01-01,Tyler Harris,"100 m,400 m,800 m,1500 m",ParaPower Ambition Sports,081-2345736,T54,Adaptive Cross-country Skis,Desloratadine,NULL
60,SOPA.I@sample.com,athlete,SOPA,INTASEN,NULL,password,THA,638,M,1982-01-01,Sydney Wilson,"100m,400m,800m",Enable Champions Club,081-2345737,T53,Adaptive Ski Poles,Montelukast,NULL
61,TECHINEE.D@sample.com,athlete,TECHINEE,DUANGIN,NULL,password,THA,639,F,1996-01-01,Caleb Garcia,"100m,400m,800m,1500m,5000m",Adaptive Excellence Union,081-2345738,T54,Para-snowboarding Board,Cetirizine,NULL
62,SAHAR-DAM.Y@sample.com,athlete,SAHAR-DAM,YAENA,NULL,password,THA,640,M,1997-01-01,Ava Davis,"100m,200m,400m",AllAccess Athletics Society,081-2345739,T54,Para-snowboarding Bindings,Beclomethasone,NULL
63,ATHIWAT.P@sample.com,athlete,ATHIWAT,PAENG-NUEA,NULL,password,THA,641,M,2002-01-01,Christian Hernandez,"100m,400m,800m",ParaPotential Achievers Network,081-2345740,T54,Wheelchair Basketball Hoop,Prednisolone,NULL
64,PUTHARET.K@sample.com,athlete,PUTHARET,KHONGRAK,NULL,password,THA,642,M,1994-01-01,Zoey Thompson,"400m.800m,1500m,5000m",Inclusivity Impact Foundation,081-2345741,T54,Wheelchair Rugby Goalpost,Triamcinolone,NULL
65,JIRAWAT.S@sample.com,athlete,JIRAWAT,SAKSIRIPONGSA,NULL,password,THA,643,M,1989-01-01,Nathaniel Taylor,"800m,1500m,5000m",ParaPro Progress Union,081-2345742,T53,Para-badminton Net,Salmeterol,NULL
66,HYATFA.C@sample.com,athlete,HYATFA,CHUIAUI,NULL,password,THA,644,F,2003-01-01,Mia Johnson,"100m,400m,800m,1500m",EmpowerAbility Achievers Society,081-2345743,T54,Goalball Court Boundary,Formoterol,NULL
67,ATTITAYA.C@sample.com,athlete,ATTITAYA,CHOOKERD,NULL,password,THA,645,F,1997-01-01,Brandon Smith,"100m,400m,800m,15000m,5000m",Adaptive Advantage Ambition,081-2345744,T54,Sitting Volleyball Net,Ipratropium,NULL
68,ARTITAYA.P@sample.com,athlete,ARTITAYA,PREMPHOL,NULL,password,THA,646,F,2007-01-01,Hailey Robinson,"100m,200m,400m",AllInclusive Progress Club,081-2345745,T54,Wheelchair Tennis Net,Tiotropium,NULL
69,PHATTHANACHAI.S@sample.com,athlete,PHATTHANACHAI,SRIKAMWIANG,NULL,password,THA,647,M,2007-01-01,Christopher Davis,"100m,200m,400m",Equality Athletics Guild,081-2345746,T54,Wheelchair Tennis Post,Fluticasone/Salmeterol,NULL
70,CHITTIPHAT.K@sample.com,athlete,CHITTIPHAT,KUANLUANG,NULL,password,THA,648,M,2008-01-01,Kaylee Harris,"100m,200m,400m",ParaChampion Network,081-2345747,T34,Para-archery Target,Budesonide/Formoterol,NULL
71,PURICHAYA.L@sample.com,athlete,PURICHAYA,LAEJANKHAM,NULL,password,THA,649,M,2008-01-01,Ethan Wilson,"100m,200m,400m",Accessible Advantage Union,081-2345748,T53,Para-cycling Race Track,Alendronate,NULL
72,ARNON.N@sample.com,athlete,ARNON,NAWONG,NULL,password,THA,650,M,2008-01-01,Alyssa Taylor,"100m,200m,400m",Adaptive Excellence Progress,081-2345749,T34,Para-rowing Tank,Risedronate,NULL
73,SOMBUN.P@sample.com,athlete,SOMBUN,PHRMKHUN,NULL,password,THA,651,M,2007-01-01,Daniel Thompson,"100m,200m,400m,800m",ParaUnity Achievers Foundation,081-2345750,T34,Para-canoe Course,Esomeprazole,NULL
74,KROEK.W@sample.com,athlete,KROEK,WATTANAKARNSIRI,NULL,password,THA,652,M,2000-01-01,Isabella Lee,"100m,200m,400m,800m",EnableAll Impact Society,081-2345751,T53,Para-triathlon Swim Lane,Pantoprazole,NULL
75,PICHET.K@sample.com,athlete,PICHET,KRUNGGET,NULL,password,THA,653,M,1975-01-01,Cameron Garcia,"100m,400m,800m",Inclusive Athletics Club,081-2345752,T53,Wheelchair Curling Sheet,Lansoprazole,NULL
76,DAMRONGSAK.A@sample.com,athlete,DAMRONGSAK,AINKONG,NULL,password,THA,654,M,2004-01-01,Aiden Davis,"100m,200m,400m",ParaPower Progress Network,081-2345753,T54,Power Soccer Pitch,Famotidine,NULL
77,NAPAT.W@sample.com,athlete,NAPAT,WONGNONTAPHUM,NULL,password,THA,655,M,1991-01-01,Alexis Robinson,"100m,200m,400m",Adaptive Achievers Ambition,081-2345754,T53,Para-boccia Court,Ranitidine,NULL
78,PEERAPON.W@sample.com,athlete,PEERAPON,WATBOK,NULL,password,THA,656,M,1905-01-01,Logan Hernandez,100m,ParaPro Excellence Guild,081-2345755,T11,Para-athletics Track,Metoprolol,NULL
79,SUPACHAI.S@sample.com,athlete,SUPACHAI,SONGPINIJ,NULL,password,THA,657,M,1984-01-01,Sophia Smith,"400m,1500m",Unlimited Victory Achievers,081-2345756,T11,Para-athletics Throwing Circle,Atenolol,NULL
80,AEKARIN.M@sample.com,athlete,AEKARIN,MEKSAEN,NULL,password,THA,658,M,2005-01-01,Dylan Taylor,400m,AllAbility Impact Union,081-2345757,T11,Para-athletics Long Jump Pit,Propranolol,NULL
81,PHUTHIBET.S@sample.com,athlete,PHUTHIBET,SONDET,NULL,password,THA,659,M,2004-01-01,Emma Brown,100m,Inclusivity Sports Society,081-2345758,T11,Goalball Court,Clonidine,NULL
82,SUNEEPORN.T@sample.com,athlete,SUNEEPORN,TANOMWONG,NULL,password,THA,660,F,1988-01-01,Austin Martinez,100/200,ParaPotential Progress Foundation,081-2345759,T11,Sitting Volleyball Court,Guanfacine,NULL
83,JANJIRA.P@sample.com,athlete,JANJIRA,PANYATIB,NULL,password,THA,661,F,1996-01-01,Natalie Anderson,100 / LONG JUMP,Access Athletics Ambition Club,081-2345760,T/F11,Wheelchair Rugby Court,Labetalol,NULL
84,WASUN.J@sample.com,athlete,WASUN,JUNTINMATORN,NULL,password,THA,662,M,1989-01-01,Gabriel Wilson,Javelin Throw,Adaptive Excellence Union,081-2345761,F12,Para-badminton Court,Insulin Glargine,NULL
85,SOMDECH.C@sample.com,athlete,SOMDECH,CHAIYA,NULL,password,THA,663,M,1991-01-01,Savannah Harris,100m,ParaChampion Network,081-2345762,T11,Para-archery Range,Insulin Lispro,NULL
86,KISSANAPONG.T@sample.com,athlete,KISSANAPONG,TISUWAN,NULL,password,THA,664,M,1999-01-01,Mason Thompson,400m,Enable Champions Achievers Society,081-2345763,T12,Wheelchair Tennis Court,Sitagliptin,NULL
87,SUPHATTHA.I@sample.com,athlete,SUPHATTHA,INKHAOYOI,NULL,password,THA,665,F,2004-01-01,Kayla Smith,JAVELIN,Inclusive Progress Guild,081-2345764,F13,Para-athletics High Jump Bar,Metformin,NULL
88,SONGWUT.L@sample.com,athlete,SONGWUT,LAMSAN,NULL,password,THA,666,M,1990-01-01,Nicholas Robinson,"100m ,400m",ParaPower Ambition Union,081-2345765,T13,Para-athletics Discus Cage,Glipizide,NULL
89,CHANATHIP.P@sample.com,athlete,CHANATHIP,PRATHUMMEE,NULL,password,THA,667,M,2003-01-01,Amelia Davis,"100m ,LONG JUMP",Adaptive Advantage Achievers,081-2345766,T13,Para-athletics Pole Vault Pole,Pioglitazone,NULL
90,JAKKARIN.D@sample.com,athlete,JAKKARIN,DAMMUNEE,NULL,password,THA,668,M,2000-01-01,Brandon Taylor,"100m, 400",Equality Athletics Society,081-2345767,T13,Para-athletics Shot Put Ring,Losartan/Hydrochlorothiazide,NULL
91,CHAKKRAWAN .P@sample.com,athlete,CHAKKRAWAN ,PREMRUEDICHAIS  ,NULL,password,THA,669,M,1997-01-01,Lily Anderson,100m,AllAccess Achievers Foundation,081-2345768,T12,Judo Mat,Amlodipine/Benazepril,NULL
92,SIWABANNAKORN.S@sample.com,athlete,SIWABANNAKORN,SAOKHAM,NULL,password,THA,670,M,2004-01-01,Jackson Garcia,100m,ParaPotential Impact Club,081-2345769,T12,Para-cycling Velodrome,Valsartan,NULL
93,WASSANA.Y@sample.com,athlete,WASSANA,YIMIN,NULL,password,THA,671,F,1998-01-01,Addison Wilson,100/400,Inclusivity Progress Union,081-2345770,T12,Para-rowing Regatta Course,Diltiazem,NULL
94,CHAIWAT.R@sample.com,athlete,CHAIWAT,RATTANA,NULL,password,THA,672,M,1996-01-01,Caleb Harris,"100m,400m ,800m",EmpowerAbility Athletics Guild,081-2345771,T34,Adaptive Climbing Wall,Carvedilol,NULL
95,SAKPHET.S@sample.com,athlete,SAKPHET,SWANGWORACHOT,NULL,password,THA,673,M,1992-01-01,Zoey Thompson,"200m ,400m ,800m",Unlimited Victory Ambition,081-2345772,T37,Adaptive Golf Course,Nitroglycerin,NULL
96,PUN.B@sample.com,athlete,PUN,BOONYARATCHINDA,NULL,password,THA,674,M,1995-01-01,Elijah Smith,"100m ,200m",Adaptive Excellence Society,081-2345773,T37,Adaptive Surfing Beach,Isosorbide Mononitrate,NULL
97,PHAKHAPHON.S@sample.com,athlete,PHAKHAPHON,SAENGRAT,NULL,password,THA,675,M,2007-01-01,Grace Robinson,100m,ParaUnity Progress Network,081-2345774,T37,Para-powerlifting Platform,Clopidogrel,NULL
98,NATHAYOD.C@sample.com,athlete,NATHAYOD,CHAIKHAN,NULL,password,THA,676,M,1996-01-01,Ethan Davis,100m,EnableAll Impact Foundation,081-2345775,T38,Goalball Stadium,Rivaroxaban,NULL
99,AMORNTHEP.P@sample.com,athlete,AMORNTHEP,PHONPANNA,NULL,password,THA,677,M,2001-01-01,Olivia Taylor,100m,ParaChampion Achievers Union,081-2345776,T38,Wheelchair Basketball Arena,Apixaban,NULL
100,SURASAK.D@sample.com,athlete,SURASAK,DAMCHOOM,NULL,password,THA,678,M,1997-01-01,Victoria Hernandez,"400m,1500m",Accessible Advantage Guild,081-2345777,T38,Wheelchair Rugby Arena,Warfarin,NULL
101,KULLAKORN.B@sample.com,athlete,KULLAKORN,BUTTHAJEE,NULL,password,THA,679,M,2001-01-01,Andrew Thompson,Long Jump,Adaptive Achievers Ambition,081-2345778,T38,Para-badminton Arena,Levothyroxine,NULL
102,AORAWAN.C@sample.com,athlete,AORAWAN,CHIMPAEN,NULL,password,THA,680,F,2002-01-01,Sophia Anderson,"100 M ,200 M ,  -",Equality Athletics Progress Society,081-2345779,T37,Para-archery Stadium,Liothyronine,NULL
103,SUPHATSARA.L@sample.com,athlete,SUPHATSARA,LUYUE,NULL,password,THA,681,F,1984-01-01,Samuel Wilson,"100 M ,200 M ,",Inclusive Sports Union,081-2345780,T36,Wheelchair Tennis Stadium,Methotrexate,NULL
104,APASIRI.N@sample.com,athlete,APASIRI,NOOTSREATTHEE,NULL,password,THA,682,F,1999-01-01,Ava Harris,"SHOT PUT ,DISCUS THROW,  -",ParaPower Ambition Network,081-2345781,F37,Para-athletics Stadium,Hydroxychloroquine,NULL
105,BOONKONG.S@sample.com,athlete,BOONKONG,SANEPOOT,NULL,password,THA,683,M,1993-01-01,Benjamin Robinson,Shot Put,Enable Champions Achievers Guild,081-2345782,F20,Para-cycling Road Race Route,Sulfasalazine,NULL
106,PARKPOOM.R@sample.com,athlete,PARKPOOM,RODKEAW,NULL,password,THA,684,M,2002-01-01,Abigail Davis,Shot Put,Adaptive Advantage Ambition,081-2345783,F20,Para-rowing Regatta Venue,Adalimumab,NULL
107,NATAPON.K@sample.com,athlete,NATAPON,KAEWMANEE,NULL,password,THA,685,M,2002-01-01,Jackson Taylor,400m,AllAccess Progress Society,081-2345784,T20,Adaptive Climbing Gym,Infliximab,NULL
108,UTHAI.J@sample.com,athlete,UTHAI,JUNNIW,NULL,password,THA,686,M,1992-01-01,Madison Smith,"1500m,5000m",ParaPotential Union,081-2345785,T20,Para-cycling Mountain Bike Trail,Etanercept,NULL
109,CHONNAKORN.T@sample.com,athlete,CHONNAKORN,THUNTIRABHUT,NULL,password,THA,687,M,1997-01-01,Christopher Garcia,"1500m,5000m",Inclusivity Athletics Guild,081-2345786,T20,Para-triathlon Course,Prednisone,NULL
110,ORAWAN.K@sample.com,athlete,ORAWAN,KAISING,NULL,password,THA,688,F,2002-01-01,Emily Hernandez,"400 M,",EmpowerAbility Achievers Foundation,081-2345787,T20,Para-snowboarding Slope,Allopurinol,NULL
111,KUNG.N@sample.com,athlete,KUNG,NILA,NULL,password,THA,689,F,1987-01-01,Jacob Thompson,"Shot Put,",ParaPower Progress Ambition,081-2345788,F20,Power Soccer Arena,Colchicine,NULL
112,SASITHON.S@sample.com,athlete,SASITHON,SEESOD,NULL,password,THA,690,F,2001-01-01,Chloe Anderson,"Shot Put,",Unlimited Victory Union,081-2345789,F20,Adaptive Sailing Course,Febuxostat,NULL
113,SUPHAN.P@sample.com,athlete,SUPHAN,PHINITARCHA,NULL,password,THA,691,M,2000-01-01,Daniel Wilson,"1500m,5000m",Adaptive Excellence Network,081-2345790,T20,Ice Sledge Hockey Rink,Omeprazole/Bicarbonate,NULL
114,ANUCHIT.H@sample.com,athlete,ANUCHIT,HIRAN,NULL,password,THA,692,M,2001-01-01,Harper Harris,Long Jump,AllAbility Achievers Society,081-2345791,T20,Para-skeleton Track,Lactulose,NULL
115,BANNAWIT.P@sample.com,athlete,BANNAWIT,PHETRIT,NULL,password,THA,693,M,2002-01-01,Jacob Thompson,800 M,NULL,081-2345792,T20,NULL,NULL,NULL
116,BANNAWAT.P@sample.com,athlete,BANNAWAT,PHETRIT,NULL,password,THA,694,M,2002-01-01,Chloe Anderson,800 M,NULL,081-2345793,T20,NULL,NULL,NULL
117,CHITTIWAT .P@sample.com,athlete,CHITTIWAT ,PHAYUHAKRIT,NULL,password,THA,695,M,2006-01-01,Daniel Wilson,5000 M,NULL,081-2345794,T20,NULL,NULL,NULL
118,SITTHIKON.P@sample.com,athlete,SITTHIKON,PHISAJARN,NULL,password,THA,696,M,2002-01-01,Harper Harris,Long Jump,NULL,081-2345795,T20,NULL,NULL,NULL
119,SITTHIPHON.P@sample.com,athlete,SITTHIPHON,PHISAJARN,NULL,password,THA,697,M,2002-01-01,Jacob Thompson,Long Jump,NULL,081-2345796,T20,NULL,NULL,NULL
120,THEPTHAT.N@sample.com,athlete,THEPTHAT,NUNSENG,NULL,password,THA,698,M,2006-01-01,Chloe Anderson,5000 M,NULL,081-2345797,T20,NULL,NULL,NULL
121,NUANSAEN.W@sample.com,athlete,NUANSAEN,WARAPHONG,NULL,password,THA,699,M,2010-01-01,Jacob Thompson,400 M ,NULL,081-2345798,T54,NULL,NULL,NULL
122,MOHAMED.A@sample.com,athlete,MOHAMED,ALHAMMADI,NULL,password,THA,701,M,1985-01-01,Chloe Anderson,800 M,NULL,081-2345799,T34,NULL,NULL,NULL
,,,,,,,,,,,,,,,,,,
,,,,,,,,,,,,,,,,,,
